Name_of_the_video;ind;species;medium;MG;TMG;MGA;DG;MSGO;MAGO;MSGC;MAGC;Mhd1;TMhd1;Dhd1;MSDhd1;MADhd1;MSEhd1;MAEhd1;Mhd2;TMhd2;Dhd2;MSDhd2;MADhd2;MSEhd2;MAEhd2;MHA;TMHA;PCD;tweezer
gold1_pince_1_vdt_ok_cropped;gold1;A_mexicanum;aquatic;0.6817692;0.027;48.65694;0.097;59.57539; 8878.842;-29.20702;3648.179;0.3900516;0.073;0.248;28.10491;4219.673;-4.342466; 865.2196;0.4109553;0.048;0.123;21.73524; 3498.748;-3.709743;1031.957;140.1747;0.021;0.252;yes
gold1_pince_2_vdt_very_good_cropped;gold1;A_mexicanum;aquatic; 0.8316019; 0.031;59.11283;0.083;55.79773;9705.013;-26.56335;2666.971;0.3928713;0.045;0.376;23.40612;4796.304;-4.791434;1755.944;0.3955344;0.043;0.373;25.62836;4818.854;-6.433445;2455.785;152.1158;0.029;0.384;yes
gold1_pince_3c_vdt_ok_cropped;gold1;A_mexicanum;aquatic;1.011059;0.035;62.98383;0.073;67.40907;12077.88;-46.21398;10323.62;0.4414082;0.034;0.153;22.40227;4942.453;-16.9113;15046.33;0.7148515; 0.036;0.157;44.32473;8632.514;-15.7214;4775.129;157.9454;0.027;0.163;yes
gold1_pince_4_vdt_ok_cropped;gold1;A_mexicanum;aquatic;0.610613; 0.02;48.02338; 0.054;61.42287;13771.44;-45.24145;9066.076;0.3832146;0.034;0.198;31.63287;4910.352;-7.750855;1960.267;0.4445437;0.046; 0.214;31.39752;5466.377;-9.906618;2318.826; 148.9779;0.021;0.214;yes
gold1_pince_5_vdt_ok_cropped;gold1;A_mexicanum;aquatic;0.8117216;0.032;49.58473;0.089;64.85749;7413.919;-41.26984;6862.95;0.4086588;0.038;0.418;27.75148;3183.261;-7.112173;1269.17;0.5403003;0.039;0.17;33.2074;4711.074;-8.867696;2049.277;154.5022;0.04;0.422;yes
gold1_pince_6_vdt_ok_cropped;gold1;A_mexicanum;aquatic;0.723588;0.025; 49.73339;0.068;76.80506; 13116.12;-27.19153;5143.535;0.3559003;0.026;0.256;38.41441; 8430.274;-12.16748;6030.202;0.5505832;0.036;0.24;40.8915;9260.825;-8.104415;3551.643;157.5927;0.028;0.262;yes
gold1_sans_pince_1_vdt_very_good_cropped;gold1;A_mexicanum;aquatic;0.769056;0.031;56.86145;0.066;54.65452;6556.528;-33.80727;4031.997; 0.4524922;0.033; 0.225;53.89096; 14254.05;-9.619276;2751.574;0.6336877;0.033;0.37;53.52104; 10523.53;-7.329319;1313.278;148.6413;0.031;0.38;no
gold1_sans_pince_2_vdt_ok_cropped;gold1;A_mexicanum;aquatic;0.7870222;0.027;65.11945; 0.08;47.36149;7428.64;-41.6794;4864.047;0.4736569;0.028; 0.256;48.80725;6540.28;-22.63663;4030.99; 0.572531;0.03;0.213; 46.34548;7358.457;-16.19327;4056.92;133.8465;0.026;0.261;no
gold1_sans_pince_3_vdt_very_good_cropped;gold1;A_mexicanum;aquatic;0.7783623;0.025;50.2322;0.056;62.37707;6501.013;-47.93641;6324.816;0.4428333;0.026;0.351; 48.44187; 8411.632;-4.535947;3255.671;0.5919423;0.035; 0.28;36.61238;3299.624; -9.802931;1604.373;146.0475; 0.029;0.355;no
gold1_sans_pince_4_vdt_ok_cropped;gold1;A_mexicanum;aquatic;0.8524125;0.024; 67.49287; 0.062;50.75062;14028.09; -36.90384;6589.302;0.5149327;0.029;0.234; 52.69061; 9348.431;-14.73004;3208.823;0.5507798;0.031;0.242;44.07846;5988.816;-16.77959;2890.252;144.3201; 0.033;0.246;no
gold1_sans_pince_5_vdt_ok_cropped;gold1;A_mexicanum;aquatic;0.621583;0.023;34.07387;0.058;43.04474;9560.852;-35.256;6065.84; 0.4782205; 0.025;0.207;60.11696;10652.33;-15.23157;3106.477;0.6261053;0.073;0.205;63.93484;12443.16;-9.083948;2699.554;145.5981;0.028;0.218;no
gold3_pince_1_vdt_cropped;gold3;A_mexicanum;aquatic;0.6680217; 0.025;55.34553;0.059;57.34944;11815.98;-37.48198; 8531.803;0.3935257;0.044;0.117;27.45056;5451.064; -5.929695;2185.196;0.564993700421709;0.044; 0.141;29.80895;3860.086;-13.74642; 3186.991; 159.1436; 0.027;0.141;yes
gold3_pince_2_vdt_cropped;gold3;A_mexicanum;aquatic;0.7109963;0.021;51.42916; 0.068;72.79423; 15218.7;-42.8238;6397.048;0.3655164;0.022;0.268;40.52113;13464.37;-12.38134; 4111.454;0.5420664;0.06;0.244;40.3495; 10031.57;-7.7628;1720.452; 148.0106;0.013;0.275;yes
gold3_pince_3_vdt_cropped;gold3;A_mexicanum;aquatic;0.7879254;0.033;43.42298;0.07;51.00621;7420.677;-26.62432;1956.457;0.4820129;0.037;0.494;40.64616; 7722.938;-8.110374;1013.842;0.5736409;0.038;0.37;34.0003;3348.705;-4.505558;466.5946;157.7236; 0.03;0.503;yes
gold3_pince_4_vdt_cropped;gold3;A_mexicanum;aquatic;0.7385543;0.027;57.70503;0.074;48.52565;10046.01;-39.54927;8834.045;0.512195;0.037;0.239;30.53037;6092.502;-10.53345;2739.303;0.6986651;0.039;0.36;47.28967;9979.673;-13.06758;2656.904;150.5488; 0.023;0.364;yes
gold3_pince_5_vdt_cropped;gold3;A_mexicanum;aquatic;0.6702039;0.028; 46.37773; 0.079;48.50787;7617.738;-31.28321;3218.97;0.3750523;0.032;0.409;23.09967;2618.869; -3.864592;990.7118;0.4668305;0.043;0.462;30.29147;6705.956; -5.037502;894.9294;148.9064;0.027;0.473;yes
gold3_pince_6_vdt_good_cropped;gold3;A_mexicanum;aquatic; 1.079602;0.035;77.19891; 0.075;56.29423;10042.73;-41.48585;5369.517;0.4437828;0.037;0.194;25.91906;4787.049;-13.45307; 3166.971;0.5645054;0.037;0.249;39.46092;5493.314;-12.64795;3007.804;167.9062;0.03; 0.252;yes
gold3_pince_8_vdt_cropped;gold3;A_mexicanum;aquatic;0.6266794;0.023;36.11737;0.059;60.46904;18944.06;-29.60631; 5740.028; 0.2762945;0.03;0.209;34.48528;9806.722;-10.42587;2860.652; 0.4507697;0.046;0.213;43.41738;7999.307;-5.866536;2005.08;157.6016;0.023;0.22;yes
gold3_sans_pince_2_vdt_good_cropped;gold3;A_mexicanum;aquatic; 0.5780915;0.024;47.12429;0.054;38.94038;6888.856; -44.05431;6870.293;0.3777251;0.03; 0.351;36.74081;6298.915; -9.783258;2714.203;0.5135404;0.035;0.399;35.25513;4910.824;-6.215554; 1600.652; 141.8201;0.027;0.409;no
gold3_sans_pince_3_vdt_cropped;gold3;A_mexicanum;aquatic;0.2376492;0.023;17.58646;0.059;20.68326;4508.219;-16.29375;6227.129; 0.166261; 0.109;0.306;9.484913; 2386.445; -1.573495;628.5893;0.4265309; 0.171;0.292;8.796712;3651.896;-2.467793;1151.023;129.5527; 0.037;0.314;no
gold3_sans_pince_4_vdt_good_cropped;gold3;A_mexicanum;aquatic;0.5894615;0.026;43.49146;0.074; 49.92402;6269.201;-27.22139;1781.962;0.4635403;0.036;0.251;31.5894; 4054.745; -3.570935; 1489.729;0.3829723;0.037;0.246;23.38508; 3758.528;-6.239893; 2748.713;141.5448;0.034;0.253;no
gold3_sans_pince_6_vdt_very_good_cropped;gold3;A_mexicanum;aquatic;0.3995189;0.024;29.7993;0.056;27.26587;3202.436; -31.7276; 6380.003; 0.3225054;0.045;0.408;26.35629;3763.041; -3.395874;870.3867;0.5614151;0.037; 0.407;37.52627;4513.628;-8.115366;1205.433; 146.6667;0.028;0.416;no
gold4_pince_1_vdt_good_cropped;gold4;A_mexicanum;aquatic;0.8287026;0.033;60.04157;0.086;44.30187;8912.004;-35.67888;8025.427;0.4919701;0.033;0.149;24.9475;4766.141; -16.5585;5856.676;0.4772154;0.045;0.18;22.01954;6700.758;-10.62465;2737.576;140.6714; 0.038; 0.183;yes
gold4_pince_2_vdt_good_cropped;gold4;A_mexicanum;aquatic; 0.8921075;0.035;77.86071;0.192;61.38036;12790.48;-24.39903;4101.843;0.539568;0.038;0.199; 23.93994;3838.376;-6.923704;1998.357;0.6351022;0.061; 0.344;26.54497;3286.675;-8.312885;1393.944; 138.6607;0.333;0.345;yes
gold4_pince_3_vdt_good_cropped;gold4;A_mexicanum;aquatic; 0.6874673; 0.03;37.62891; 0.077;49.98718;7261.427;-18.53834; 1597.777; 0.4298584;0.048;0.341;31.97698;5668.942;-4.922613;394.8193;0.4667875;0.046; 0.415;28.06975;4148.78;-4.673351;393.3873;151.0907;0.021;0.193;yes
gold4_pince_4_vdt_lumiere_bof_cropped;gold4;A_mexicanum;aquatic;1.117837;0.032;68.22713;0.114;73.46798;15661.27;-53.88046; 9950.71;0.6645602;0.035;0.187;50.38799;10073.96;-11.16211;2590.57;0.744528;0.035;0.184;46.73732;5474.256; -12.81793;3965.465;158.7153;0.031; 0.193;yes
gold4_pince_5_vdt_good_cropped;gold4;A_mexicanum;aquatic; 0.839024; 0.031; 47.1666;0.069;53.51827;9579.402;-30.83756;5319.445;0.4045956;0.043;0.208;21.65213;4608.887; -5.636848;2351.848; 0.6710499;0.063; 0.238;28.07328;4131.502;-6.985793;1899.296; 162.1086;0.026;0.245;yes
gold4_pince_6_vdt_good_cropped;gold4;A_mexicanum;aquatic;0.6801616;0.03;41.12166;0.098;61.61304;9135.109;-27.87922;4179.957;0.3818574;0.053;0.274; 23.00972; 3288.668;-5.196269;1738.91;0.5813497;0.087;0.296;32.35277; 3456.45;-7.47094;1287.744;148.2;0.037;0.308;yes
gold4_sans_pince_2_vdt_cropped;gold4;A_mexicanum;aquatic;0.4594919;0.025; 29.95482;0.082;30.83167;3016.576;-22.49306;3403.593;0.3544191;0.035; 0.415;22.16397;2691.269;-4.59857;1252.667;0.4142475;0.045; 0.403;22.89604;4136.403;-7.03084;783.5952;148.6307;0.032; 0.42;no
gold4_sans_pince_3_vdt_good_cropped;gold4;A_mexicanum;aquatic;0.5702021; 0.024;37.08677; 0.061;37.07705; 9536.7;-51.77238;9389.084;0.4203462;0.03; 0.232;33.16104;3426.685;-7.586226;1978.098;0.4654901; 0.05;0.228;31.26365;4902.306;-7.621557;1811.174; 150.1437;0.018;0.238;no
gold4_sans_pince_5_vdt_good_cropped;gold4;A_mexicanum;aquatic;0.5571841; 0.04;30.95144;0.076; 29.7903;3087.522;-28.543;2371.438;0.3383996;0.088;0.286;14.68515; 1799.275;-1.456867;559.8414;0.2847245;0.111;0.285;14.02582;1548.145; -2.452881;435.9737;133.9067;0.029;0.297;no
gold4_sans_pince_6_vdt_average_cropped;gold4;A_mexicanum;aquatic;0.8900791;0.044; 43.1725;0.096;37.00113; 6489.04;-30.28805;6064.754;0.6262548;0.053;0.246;29.45064;3048.005;-14.29014;3473.064;0.8488347;0.055;0.248;43.67232;5099.14; -10.59529;2044.578;150.0567;0.031;0.258;no
gold4_sans_pince_7_vdt_good_cropped;gold4;A_mexicanum;aquatic;0.6736911;0.023;44.1825;0.074;46.40122;9411.332;-32.58872;7638.894; 0.5149412;0.031;0.29; 35.27533;6750.604;-9.576385;1967.228;0.6419111;0.034; 0.291;39.80224;6773.42;-11.21555;1915.194;143.3457; 0.011;0.296;no
ind_geant_5_pince_1_vdt_ok_cropped;ind_geant_5;A_mexicanum;aquatic;1.340674;0.046;74.07255;0.079;65.17302;8612.584;-82.89361;16322.05;0.5760359;0.062;0.198; 20.97436; 5331.918;-10.45419; 1616.427;0.9096407;0.062; 0.359;31.66212;4669.985;-9.180829;1234.445;165.27;0.025;0.368;yes
ind_geant_5_pince_2_vdt_ok_cropped;ind_geant_5;A_mexicanum;aquatic;0.9835835;0.03;57.22361;0.111;67.90056; 10470.56;-36.19086;4966.649;0.5805003;0.043;0.338;39.84758;4820.754;-9.883597;2973.03;0.7000154;0.045;0.372;41.95462;5640.077; -11.35489;2434.203;149.7389;0.363; 0.373;yes
ind_geant_5_pince_4_vdt_ok_cropped;ind_geant_5;A_mexicanum;aquatic;1.366124;0.037;62.84207;0.1; 90.62144; 13696.1;-55.17066;5170.027; 0.7284049; 0.046;0.22;51.59017;6541.481; -15.93009;1982.674;0.9678051;0.047; 0.422; 49.01478;5744.631;-14.39672;2416.76;148.7816;0.018; 0.43;yes
ind_geant_5_pince_5_vdt_ok_cropped;ind_geant_5;A_mexicanum;aquatic;1.354856;0.041; 61.52886;0.092;71.94016; 8170.009;-40.84229;6624.008;0.5216632;0.038;0.357;44.95246; 8511.921;-10.37688;2199.994;0.9249309;0.05;0.186;52.32867;7300.993;-16.53843;1397.09;143.9419;0.039;0.37;yes
ind_geant_5_pince_6_vdt_ok_cropped;ind_geant_5;A_mexicanum;aquatic; 1.257714;0.036;65.43757;0.073;76.21932;14412.49;-51.64515;4565.028;0.6153883;0.045;0.469;40.65025;8049.005; -14.46763;1600.765;0.9632563; 0.045;0.428;50.4955;7204.351;-15.26776;3017.375;145.3794;0.017;0.482;yes
ind_geant_5_pince_7_vdt_ok_cropped;ind_geant_5;A_mexicanum;aquatic;0.4264931;0.024; 21.60254;0.085; 29.79483;4618.333;-17.42462;1756.498; 0.2784995; 0.173;0.396;9.083247; 3145.824;-1.824824;603.2163;0.2161352;0.157;0.389; 10.63199;1485.239;-3.62236;1680.792;141.4148; 0.029;0.405;yes
ind_geant_5_sans_pince_1_vdt_good_cropped;ind_geant_5;A_mexicanum;aquatic;1.152521;0.036;58.36075;0.072;56.73025;7907.37;-49.42167;6498.422;0.54244;0.046;0.231; 36.82048;4734.687;-12.4471;713.3943; 0.7677945;0.043;0.272;39.0712;4367.351; -10.07173;903.0052;147.4652;0.039;0.274;no
ind_geant_5_sans_pince_2_vdt_bof_cropped;ind_geant_5;A_mexicanum;aquatic; 0.5574845;0.029;38.55891;0.053;44.72721;14108.26;-38.94339;7661.883;0.4603176;0.064;0.339;20.90099; 3232.487;-5.257608;1180.581;0.6669268;0.066;0.302;27.94603;4380.517;-10.53607;1858.731;127.8432; 0.344;0.355;no
ind_geant_5_sans_pince_3_vdt_bof_cropped;ind_geant_5;A_mexicanum;aquatic;0.862216;0.029;50.65796;0.05;50.50356;6093.658;-81.45413;12786.84;0.6138306;0.034; 0.383;42.41875;3548.795; -9.08026;1401.284;0.7796099; 0.039;0.325;53.45377;7604.269;-14.29589;2536.177; 142.5852;0.028;0.389;no
ind_geant_5_sans_pince_4_vdt_good_cropped;ind_geant_5;A_mexicanum;aquatic;0.6763243;0.02;37.59382;0.039; 53.51726;6565.719;-66.14119;18986.67;0.4471781; 0.028;0.276;37.30384;4612.825; -9.660445;2921.326; 0.4183267;0.035;0.259; 31.30447;5911.34;-11.93707;2041.747;142.1942; 0.024;0.281;no
pink2_pince_1_vdt_bof_cropped;pink2;A_mexicanum;aquatic;0.9547828; 0.032;59.56256;0.094;65.03773;9124.4;-28.11179;2263.618;0.4489045; 0.042;0.375; 45.77566;8036.007; -11.6005;1835.842;0.7521184;0.038;0.316;50.40392; 6754.832; -16.63785;2225.739;154.7881;0.024;0.383;yes
pink2_pince_2_vdt_good_cropped;pink2;A_mexicanum;aquatic;1.033492; 0.035;70.40559;0.111;73.52184;13463.9;-39.19007;4758.49;0.5478353;0.048;0.213; 48.38237;9758.141;-9.436696;2552.253;0.7729954;0.034;0.242; 57.22128;8473.251;-12.13951;3832.543;152.3046;0.026;0.244;yes
pink2_pince_3_vdt_good_cropped;pink2;A_mexicanum;aquatic;0.814863;0.032;53.57149;0.108;60.01795;7036.865;-27.44933; 4676.774;0.3643295;0.105;0.228;32.52565;7094.123;-5.922844;1333.75;0.6208895;0.043;0.305;35.67562;7277.959; -9.500137;1839.741;142.6808;0.025;0.313;yes
pink2_pince_4_vdt_good_cropped;pink2;A_mexicanum;aquatic;0.9169669;0.031; 45.20106;0.099;69.53672;8070.785;-38.67579;4405.184;0.4207881;0.033;0.304;40.92322;6513.519; -12.33025;2044.506;0.7504514;0.046;0.323;30.24452; 2321.746;-21.21377;2196.071;141.1253;0.021;0.325;yes
pink2_pince_5_vdt_good_cropped;pink2;A_mexicanum;aquatic;0.3810417;0.028;25.8049;0.064;24.27213;3148.39; -24.87232;2562.615;0.2736145;0.098; 0.49; 10.47725;1919.934;-2.161807;452.4251;0.4258383;0.119;0.595;20.72;2530.169; -2.449029;712.6103;134.6662;0.026;0.604;yes
pink2_pince_6c_vdt_good_cropped;pink2;A_mexicanum;aquatic;0.4262868;0.035;29.47039; 0.121;27.53852;4461.82;-12.34434;1432.158;0.247802;0.101;0.383;10.69551; 631.5743;-4.53484; 1186.429;0.3463613;0.098; 0.441;13.32482;1123.232; -3.612392;825.8092;139.2931;0.034;0.444;yes
pink2_sans_pince_1_vdt_au_vol_cropped;pink2;A_mexicanum;aquatic;0.7858182;0.035;41.59118; 0.079; 44.94293;11317.1; -30.78855;4092.503;0.3960831;0.048;0.329;25.68323;5793.194;-11.01896;3198.196;0.6841811;0.048; 0.333;32.01197;7039.526;-10.44758; 3758.065;151.3639;0.032;0.345;no
pink2_sans_pince_2_vdt_good_cropped;pink2;A_mexicanum;aquatic;0.8012373;0.025;50.51907;0.043;53.70723;10401.31; -84.30106;19054.23;0.5125423;0.026;0.337;41.34871;5782.724;-7.319312;3504.965;0.611464;0.037; 0.336;35.91745;3572.83;-7.599054;3977.06;149.232;0.022; 0.338;no
pink2_sans_pince_3_vdt_good_cropped;pink2;A_mexicanum;aquatic;0.4797114;0.025;33.46337;0.055;43.98461;7749.418;-41.04656;7310.811;0.31552;0.03;0.254;29.31407;5893.583;-11.91998;3754.467;0.3246702;0.077; 0.266;19.76884;3831.684;-7.250621;2510.709;139.1271;0.025;0.275;no
pink2_sans_pince_4_vdt_good_cropped;pink2;A_mexicanum;aquatic;0.7987475;0.03;46.18009; 0.067;59.32785;7753.258; -36.65111;4548.501;0.4419725;0.028;0.298;37.06264; 6498.408;-7.160121;3421.054;0.6259221;0.044;0.295;50.4992;5741.856;-5.707442;2724.304;147.1743;0.029;0.305;no
pink2_sans_pince_5_vdt_good_cropped;pink2;A_mexicanum;aquatic;0.3834135;0.022;29.95995;0.072;31.24506;5359.696;-27.50086;3473.897;0.3605109;0.059;0.309;30.87245; 4620.255;-4.490066;1393.093;0.4204632;0.087;0.295;29.17845;5471.376;-3.00691; 828.828;125.7894;0.02;0.314;no
A_mavortium_ind2_pince_seq3_criquet_cropped;A_m_ind2;A_mavortium;terrestrial;1.981058;0.142;66.10082; 0.275;42.12647; 5389.47;-45.15193; 2326.527; 0.1441162;0.298;1.138;8.108465;338.2279;-2.394504;184.35;0.2088421;0.264;1.276;6.722353; 468.1641;-3.000716;190.8823;161.1407;0.146;1.384;yes
A_mavortium_ind2_pince_seq5_criquet_cropped;A_m_ind2;A_mavortium;terrestrial; 1.946309;0.111;70.62669;0.176;51.63191; 6159.468; -47.46453;3629.834;0.4376968; 0.11;0.664;15.19922; 1419.918;-5.998645;1224.278;0.4940395;0.123;0.47;13.05483; 889.5825;-7.140223; 646.0648;153.3804;0.108;0.724;yes
A_mavortium_ind2_pince_seq6_criquet_cropped;A_m_ind2;A_mavortium;terrestrial;2.064721; 0.161;82.7536;0.356;51.93121;2713.157;-38.06933;1321.636;0.2867379;0.196; 0.147;7.831716;596.9494; -9.848385;517.1853;0.7710048; 0.194;0.67;15.03926;427.2283;-12.31996;325.3831;161.0315; 0.139; 0.773;yes
A_mavortium_ind2_sans_pince_seq2_criquet_cropped;A_m_ind2;A_mavortium;terrestrial; 1.938823;0.131;78.00447;0.246;38.24067;1936.698;-34.71639;917.3176;0.3160083;0.363;1.25;12.18617;705.1216;-1.300532;100.0747; 0.6083349;0.167;1.257; 18.59577;1060.775;-3.494562;316.4923;153.501;0.104;1.352;no
A_mavortium_ind2_sans_pince_seq5_criquet_cropped;A_m_ind2;A_mavortium;terrestrial;1.529141;0.12;72.55925;0.25; 50.32517;3559.639;-18.43895;431.9372;0.4200419;0.522;1.203;11.22787;587.6909; -0.6769699;85.73054; 0.2626275;0.456; 1.201; 10.33626;473.4874; -0.9544158; 86.4389;133.3772;0.116; 1.313;no
A_mavortium_ind2_sans_pince_seq7_criquet_cropped;A_m_ind2;A_mavortium;terrestrial; 2.056396;0.221;72.12492;0.403;58.14127;4128.85;-24.10604; 1118.982;0.4118718; 1.069;0.666;1.051696;125.1886;-0.3965117;35.44969;0.2550103;0.906;0.699;0.8869508;131.0173;-0.4912974; 82.23953; 152.3728; 0.163;1.132;no
A_mavortium_ind3_pince_seq1_criquet_cropped;A_m_ind3;A_mavortium;terrestrial;1.777088; 0.078;78.14687; 0.125;57.72135; 25105.15;-57.74755; 4546.841;0.466703;0.213;1.075; 13.42784;979.1621;-5.199322;498.1257;0.6674749;0.222;1.076;16.56878;848.3185;-7.158131; 920.7092;140.0816;0.058;1.135;yes
A_mavortium_ind3_pince_seq2_criquet_cropped;A_m_ind3;A_mavortium;terrestrial; 2.07312;0.095;94.98129; 0.379;51.47942; 18512.66;-44.17324;1814.195;0.1953935;0.116;1.489;12.88937;1063.749; -7.060777;510.9462;0.6664642; 0.125;1.478;19.22667; 844.1035;-5.075555;233.6296;149.6838;0.097;1.555;yes
A_mavortium_ind3_pince_seq4_criquet_cropped;A_m_ind3;A_mavortium;terrestrial; 1.959381;0.109;80.02451;0.224;54.31538; 11246.6;-47.92372;2374.079;0.1108133;0.254; 1.323;14.26519;836.1966; -2.379681;92.25;0.6064831;0.123; 1.302; 37.13883;2250.348; -9.811093;423.3355;135.6549;0.112;1.391;yes
A_mavortium_ind3_pince_seq5_criquet_cropped;A_m_ind3;A_mavortium;terrestrial;1.99598;0.128; 76.64198;0.215;50.14054;3686.364;-43.70191;1722.287;0.2127061;0.251;1.491; 8.354939;457.5822;-1.550971;77.16786; 0.3613794;0.152;1.502;11.10633;750.0756;-3.746687;174.6284;132.8219;0.124;1.57;yes
A_mavortium_ind3_pince_seq6_criquet_cropped;A_m_ind3;A_mavortium;terrestrial;1.771766;0.097;76.35823;0.167;48.39509;21120.72; -45.88673;2249.433; 0.4540157;0.23;1.106;10.24953;674.7708;-3.286053;136.3984;0.6821274;0.129;1.529;17.61666; 1344.743;-3.524911; 185.0846;135.4759;0.098;1.607;yes
A_mavortium_ind3_pince_seq7b_criquet_cropped;A_m_ind3;A_mavortium;terrestrial;1.793211;0.11; 69.27973;0.225; 41.5791; 2251.815;-28.92839;688.0221;0.4331325;0.236; 1.683; 13.52149; 627.8641; -0.9189581;33.61401;0.3854033;0.15;1.813;17.24328; 726.7821;-2.651737;163.2365;137.6521;0.099;1.9;yes
A_mavortium_ind3_pince_seq9_criquet_cropped;A_m_ind3;A_mavortium;terrestrial;1.711266;0.107;67.13271; 0.218;57.33371;5260.841;-31.17227;779.7407; 0.4164832;0.141; 0.978; 20.94751;859.2202; -2.92526;530.83; 0.5336258;0.13;0.963;23.84141;1547.192;-4.142167;297.7648;138.2552;0.091;1.044;yes
A_mavortium_ind3_sans_pince_seq1_criquet_cropped;A_m_ind3;A_mavortium;terrestrial; 1.856531;0.119;72.81154; 0.229; 47.23815;2529.385; -28.97747;1444.271;0.3360503; 0.144;1.338;9.234726;525.2983;-7.47256;589.1415;0.422458;0.149;1.333;15.06216; 861.1622;-8.282051;400.5481;142.6079;0.102; 1.417;no
A_mavortium_ind3_sans_pince_seq2_criquet_cropped;A_m_ind3;A_mavortium;terrestrial;1.888653;0.141; 80.01887;0.255;48.84719;3528.645;-36.86544;1446.028;0.207881;0.162; 1.029;13.61194;1330.024;-12.18658;585.2142;0.3491329;0.165;1.043;14.80408;788.9675;-14.34108;501.0958;145.1306; 0.13;1.157;no
A_mavortium_ind3_sans_pince_seq3_criquet_cropped;A_m_ind3;A_mavortium;terrestrial;1.694438;0.141; 77.64036;0.267;44.79449;2867.16;-28.43833;702.8444;0.477636;0.165;0.747;12.43809;723.4847;-2.599079;142.3634;0.5085111;0.154;1.346;16.45787;1530.403;-3.560181;132.9466;134.1982; 0.123;1.456;no
A_mavortium_ind3_sans_pince_seq6_criquet_cropped;A_m_ind3;A_mavortium;terrestrial; 1.3763;0.129; 63.31564;0.301;44.4741;3444.452;-18.66343;355.0657; 0.3609354;0.307;1.146;15.40149;603.3807;-0.9741132;48.54309;0.2416156;0.18;1.129;9.611261;573.783;-3.262854;397.4381;135.4885;0.102;1.257;no
A_mavortium_ind3_sans_pince_seq9_criquet_cropped;A_m_ind3;A_mavortium;terrestrial; 1.567715; 0.114;68.50515;0.222;45.51745;3366.216; -33.51127; 1426.773;0.5700732;0.14;1.021;17.71275;1217.045;-13.5249;609.0142;0.5622929;0.138;1.198;20.26152;1400.878;-9.597405;469.0131;134.4228; 0.098;1.29;no
A_tigrinum_ind1_pince_seq2_criquet_cropped;A_t_ind1;A_tigrinum;terrestrial;2.174295;0.119;85.58417;0.216;47.39494;3164.595;-61.76267; 2700.742; 0.8317274;0.404;1.599; 7.196879;520.6524;-1.776285;74.28442;0.3616052;0.34;1.601;9.148901;630.0083;-1.977906;106.224;147.9508;0.112;1.679;yes
A_tigrinum_ind1_pince_seq4_criquet_cropped;A_t_ind1;A_tigrinum;terrestrial; 2.203966;0.102;82.22024;0.166;50.62238; 39713.66;-51.49483;2655.052;0.5252888; 0.352;1.722;14.7357;488.3502;-2.491869; 156.9134; 0.8345838;0.33;1.544; 12.85602;454.5954;-4.598387;282.6474;141.5181;0.1;1.782;yes
A_tigrinum_ind1_pince_seq5_criquet_cropped;A_t_ind1;A_tigrinum;terrestrial;1.928017;0.115;75.4556; 0.276;44.37306; 2662.745;-18.51502;456.5609;0.7846951;0.428;0.801; 10.60759;493.0753;-1.238103;78.56752; 0.7378048;0.397;1.338;8.957333; 502.1108; -1.848188;108.2845;144.2048;0.101; 1.421;yes
A_tigrinum_ind1_pince_seq7_criquet_cropped;A_t_ind1;A_tigrinum;terrestrial;2.035463;0.115;68.43472; 0.346;40.40281; 17113.86; -21.97008; 616.1795; 0.4667045;0.169;1.678; 13.74276;674.1372;-5.05063;207.1955;0.61119;0.17; 1.265;14.65019;461.5026;-7.663541; 379.2589;155.1941;0.128;1.753;yes
A_tigrinum_ind1_pince_seq8_criquet_cropped;A_t_ind1;A_tigrinum;terrestrial; 2.076212;0.163;74.403;0.237;73.93129; 15589.9;-65.38211;8068.234; 0.3319924;0.328;0.289; 15.15143; 3899.588;-4.285308;810.1556; 0.2794267;0.167;0.299;25.96043;4618.72; -16.5854;3800.15; 147.6154; 0.163;0.372;yes
A_tigrinum_ind1_pince_seq9_criquet_cropped;A_t_ind1;A_tigrinum;terrestrial; 2.080214;0.19;91.41569;0.362;44.71475;2866.976;-49.54086;3148.076;0.1158412;0.201; 1.289;23.06882;1116.795;-12.48059;1171.89;0.7209044;0.203;1.289;35.63529; 1928.334;-14.21744; 1211.401;155.7469;0.161; 1.439;yes
A_tigrinum_ind1_sans_pince_seq1_criquet_cropped;A_t_ind1;A_tigrinum;terrestrial;1.85598;0.131; 71.27229;0.188;39.01524;5312.586; -50.2415;5481.889; 0.5178697; 0.398;0.367;16.94954;2949.651;-1.233799;234.8821;0.5672709;0.247; 0.37;22.00387; 2706.727;-4.568127;546.5163;152.6709;0.118;0.475;no
A_tigrinum_ind1_sans_pince_seq3_criquet_cropped;A_t_ind1;A_tigrinum;terrestrial;1.657082;0.118;67.94928;0.187; 38.07958;2242.77;-46.23383;1592.844;0.4116284;0.238; 0.197;11.01946;788.6697;-3.020771;239.5812;0.5550775; 0.201;0.232; 7.908792;468.8355; -7.380582;443.105;143.5389; 0.041; 0.309;no
A_tigrinum_ind1_sans_pince_seq4_criquet_cropped;A_t_ind1;A_tigrinum;terrestrial; 1.818023; 0.123; 75.57359; 0.233;38.71534; 2950.362; -32.95141; 1071.593;0.2887323;0.203; 1.077;11.12985; 627.4593; -2.469205; 257.0428;0.6356421;0.163; 1.088;17.29306;765.648;-3.118562;365.8397;140.4104;0.036; 1.176;no
A_tigrinum_ind1_sans_pince_seq5_criquet_cropped;A_t_ind1;A_tigrinum;terrestrial;2.053969;0.148;89.66773;0.23;39.05804;2066.795;-47.20459; 1674.084; 0.4467986; 0.554; 1.449;11.51982; 626.9896; -1.333851; 39.79066; 0.8589394;0.192;1.859;16.56064; 404.6281;-6.94872; 420.9221;150.281;0.152; 1.935;no
A_tigrinum_ind2_pince_seq2_criquet_cropped;A_t_ind2;A_tigrinum;terrestrial; 1.739978;0.128; 71.75243;0.223;55.19092; 5623.568;-46.70991;3154.096; 0.2272687;0.144;0.724;13.97758;1610.174;-6.515071;735.0156; 0.4953859; 0.164; 0.738;25.07448;2194.275;-3.966119;1131.52;150.0357;0.134; 0.826;yes
A_tigrinum_ind2_pince_seq6_criquet_flou_cropped;A_t_ind2;A_tigrinum;terrestrial;1.292776; 0.102;51.32597;0.174;38.68046;4578.143; -30.5188;1449.807;0.4550216; 0.666;1.285; 11.84713;531.7421;-0.9609512;42.32914;0.3292433;0.22;1.385;15.12387; 931.844; -1.39242; 83.2786; 151.9133; 0.062;1.462;yes
A_tigrinum_ind2_pince_seq7_criquet_cropped;A_t_ind2;A_tigrinum;terrestrial;1.583463;0.106;67.85503;0.171;44.55141;3306.809;-45.16669; 2514.569; 0.3797418;0.125;0.95;16.39457;753.0241;-8.048998;560.5927;0.6519995;0.132;1.027; 18.96303;701.1918; -8.63009;695.9568; 151.3212;0.064;1.097;yes
A_tigrinum_ind2_pince_seq8_criquet_cropped;A_t_ind2;A_tigrinum;terrestrial; 1.634841;0.101;69.62218;0.168;43.66596;2791.82;-43.44237;2275.234;0.4209326;0.123;0.912;13.80048;555.5907; -9.794247; 619.8473;0.5490025; 0.13;1.116;19.74765; 663.9334;-9.276624; 571.034; 149.9163;0.06;1.184;yes
A_tigrinum_ind2_pince_seq9_criquet_cropped;A_t_ind2;A_tigrinum;terrestrial;1.557209;0.139;62.60109;0.227; 33.6478; 1930.632; -34.40875;1502.192;0.3598558;0.629;1.424;7.908704;511.3494;-0.6480489;42.38844;0.8707694;0.172;1.289;25.00895;1120.669; -5.382185;399.6167;146.0437;0.13;1.533;yes
A_tigrinum_ind2_pince_seq10_criquet_cropped;A_t_ind2;A_tigrinum;terrestrial; 1.050613;0.057;36.90061;0.24; 40.35293;2924.716;-12.19119;317.7951;0.1860608; 0.299; 1.572;5.07346;345.9924;-0.5947911; 38.4514;0.3647354;0.209; 1.565;9.581996; 627.3209;-0.9286623; 65.79751; 150.8347;0.057;1.653;yes
A_tigrinum_ind2_sans_pince_seq6_criquet_cropped;A_t_ind2;A_tigrinum;terrestrial; 1.595732;0.185;72.70687;0.316;52.73395; 5849.26;-19.16842;729.6582;0.4532733;0.221;0.784;8.493198;767.1661;-4.129834;499.8792;0.2655978;0.219;0.808; 7.949041; 677.6799; -3.244394;304.6747;148.459;0.184;0.897;no
A_tigrinum_ind2_sans_pince_seq8_criquet_cropped;A_t_ind2;A_tigrinum;terrestrial;1.535198;0.126;75.64691;0.194;38.37154; 3214.049; -42.86307;2916.637;0.2890762;0.141; 0.855;13.15036; 940.4987; -8.420923;820.0859;0.7143282; 0.152;1.026;22.04661;1035.889; -10.00839;860.4547;134.8588; 0.111; 1.109;no
A_tigrinum_ind2_sans_pince_seq10_criquet_cropped;A_t_ind2;A_tigrinum;terrestrial;2.229035;0.258;75.39229;0.439; 57.06574;4773.909;-28.82559;1399.295;0.2120348; 0.682; 1.121;13.67407; 872.5809;-1.778367;186.9143;0.8336422;0.277;1.149;29.63497;1622.26; -10.18118; 701.3304;159.4476;0.103; 1.316;no
A_tigrinum_ind2_sans_pince_seq12_criquet_cropped;A_t_ind2;A_tigrinum;terrestrial;1.976231;0.185;72.83688; 0.299;44.56706;2960.715;-38.17129;1432.758; 0.4566345;0.206; 1.374;14.11122;645.7846;-7.312111; 302.8389; 0.8206736; 0.217;1.389;15.03943;408.6653;-7.290068;392.3189; 152.4189;0.143;1.511;no
A_tigrinum_ind3_pince_seq1_criquet_lumiere_bof_cropped;A_t_ind3;A_tigrinum;terrestrial;1.811979;0.078; 64.42861;0.137;73.15777;9556.033; -60.15406;5240.532;0.2299955;0.41;0.588;7.091436;1498.314;-1.959746;316.5356;0.2274249;0.203; 0.588; 10.31326;2012.092;-3.649798;519.0352;152.3376;0.079;0.644;yes
A_tigrinum_ind3_pince_seq2_criquet_cropped;A_t_ind3;A_tigrinum;terrestrial;1.934302;0.116;73.73762;0.245;59.47937;4766.01;-50.86705;2644.61; 0.5177399; 0.138;1.292; 9.59975;466.3614; -7.15499;763.0572;0.8445017; 0.154;1.292; 15.42336; 525.7028;-6.387972; 477.2081;150.8511;0.11; 1.371;yes
A_tigrinum_ind3_pince_seq3_criquet_cropped;A_t_ind3;A_tigrinum;terrestrial; 1.306197;0.083;52.54146; 0.164;33.47277; 1630.23;-25.41586; 961.8409;0.3728184;0.111;0.355; 8.614669;422.7139;-5.086162;256.0083; 0.4869028;0.117;2.356;11.32826;430.0047;-5.249998; 271.1215;127.5299;0.061;2.42;yes
A_tigrinum_ind3_pince_seq4_criquet_cropped;A_t_ind3;A_tigrinum;terrestrial; 1.602802;0.075; 67.65649; 0.158; 39.24643;33680.7; -33.06915;1031.223;0.1837518;0.787;2.778;9.191264;460.9808;-0.2404898;15.33797;0.499269;0.129;2.795;10.00261;332.554; -3.089822;70.25815;145.301;0.078; 2.842;yes
A_tigrinum_ind3_pince_seq6_criquet_cropped;A_t_ind3;A_tigrinum;terrestrial;1.625548;0.122;65.03479; 0.194;35.35039;1455.597;-40.32035;1789.059;0.4032297;0.502;0.515; 5.905217; 296.2287; -0.7791096; 52.8267; 0.5352665;0.184; 0.652;11.09827;305.8782;-1.836052;101.9435; 152.9198;0.114;0.744;yes
A_tigrinum_ind3_pince_seq7_criquet_cropped;A_t_ind3;A_tigrinum;terrestrial; 1.895858; 0.117; 84.89266;0.178; 52.96508;16093.53;-61.9548;4273.579;0.5000124;0.144; 0.768;16.76722;1063.889;-23.56317;2363.066;0.7183221; 0.141;0.785;34.98136;2072.092;-21.01684;1842.276;148.5841;0.106;0.85;yes
A_tigrinum_ind3_pince_seq8_criquet_cropped;A_t_ind3;A_tigrinum;terrestrial; 1.715525;0.103;68.03504; 0.17; 35.63502;15329.2;-40.65604;1683.931;0.1601356; 0.473;2.293;7.054535; 447.3329;-1.229395;66.65944; 0.5369818;0.178;2.307;14.94189; 546.4525;-3.32451;72.77843;151.6643;0.094; 2.373;yes
A_tigrinum_ind3_pince_seq9_criquet_cropped;A_t_ind3;A_tigrinum;terrestrial; 2.064834; 0.13;88.02878;0.32; 39.5504; 15012.56;-38.99409;1264.088;0.5067561;0.154; 2.329;12.79129; 259.9463; -8.115584; 270.1804;0.8279352;0.162;2.276; 23.0571; 782.2821;-4.749101;158.4712;149.2778;0.115;2.41;yes
A_tigrinum_ind3_pince_seq10_criquet_cropped;A_t_ind3;A_tigrinum;terrestrial;1.783799; 0.125; 76.04135;0.204;53.76327;3564.126;-43.39985;2030.118;0.5191405; 0.227;1.503;14.59739;1030.96;-3.336934; 179.3258;0.6853832; 0.165;1.503;16.42785;647.9566;-4.676122;322.7509; 150.4657;0.116;1.577;yes
A_tigrinum_ind3_sans_pince_seq1_criquet_cropped;A_t_ind3;A_tigrinum;terrestrial;1.643052; 0.107;66.98148;0.183;55.10715; 4029.438;-54.49866;3268.59;0.5531523;0.116;0.775; 18.17922;939.5167; -12.08583;1100.551;0.5373711;0.125; 1.037;19.78247;1141.671;-10.8801;492.1532; 141.9675;0.091;1.105;no
A_tigrinum_ind3_sans_pince_seq2_criquet_cropped;A_t_ind3;A_tigrinum;terrestrial;1.618793;0.107;76.86992;0.168; 49.7837; 3718.627;-49.66977;2847.687;0.4847199;0.115;1.011;21.14045;1138.2;-13.01962; 1225.993;0.6233396;0.125;1.017;21.16703;1009.225;-14.26844; 1177.046;142.5691;0.089; 1.082;no
A_tigrinum_ind3_sans_pince_seq3_criquet_cropped;A_t_ind3;A_tigrinum;terrestrial; 1.5293;0.103;67.85442;0.232;49.83746; 6713.574; -23.91205; 907.8023;0.5847941;0.13;1.021;16.40283;818.804; -2.097883; 155.6551;0.3091743;0.125;1.368;12.08799;491.3368; -4.564646;590.9789;134.4618;0.081;1.428;no
A_tigrinum_ind3_sans_pince_seq4_criquet_cropped;A_t_ind3;A_tigrinum;terrestrial;1.901014; 0.122;70.93832;0.176;60.21369;6308.803; -61.89979;4843.435;0.6317847; 0.127;0.6;29.82951;3031.687;-13.80573;1303.984; 0.8422341; 0.132; 0.608;38.1658; 3261.184;-14.54113;855.7591;142.1913;0.098;0.678;no
